forma,ocorrencias,contexto
Paranormal,7,gria de viver eu sou o Guru de Malá e você está assistindo ao vivo ao Paranormal Experience experiência Paranormal a família paranormal vem chegando e
Jeanval,6,tar de volta principalmente chegar num episódio fantástico aqui com o Jeanval querido Jeanval eu quero desenvolver esse tema com você porque o conc
Antigo Testamento,6,a gente pode eleger esse Deus qual for pode ser por exemplo o Yahé do Antigo Testamento ou a santíssimo Espírito Santo pode ser Jesus né então a gente vai es
Terry,6,crível o evento do dia 3 de outubro vai ter um novo convidado que é o Terry Fabris o Alê entrevistou ele né meu querido e é um contactado fantást
Insider,5,to mais do que maravilhoso mas maravilhoso mesmo essa minha belíssima Insider é estamos no mês do consumidor 40% de desconto para você comprar a su
Agostinho,5,do pela Igreja Católica a esse Deus foi referenciado o quê o credo de Agostinho de Pona uhum qual é o cédo de Agostinho de Pona é porque Agostinho de
Uhum,4,almente coisa entre aspas nova mas seja um caso ou outro ainda requer Uhum muita muito estudo muita compreensão não são assuntos fáceis e nem ag
Santíssima Trindade,4, crucificado e mais ainda pelos romanos eles criaram então a noção da Santíssima Trindade criaram o dogma da Santíssima Trindade que diz que Jesus não era huma
Bíblia,4, na tese de que Deus é benevolente é maravilhoso não é aquele Deus da Bíblia maluco que Jesus chamava de Xavé é outro Deus que é o Deus chique da 
Jahé,4, poder sobre as suas próprias partes então todas as mitologias chamam Jahé de alguma forma platão na sua análise século 3 anes de cristo Platão 
Sherminator,3,an pode colocar no chão aí não tem problema aqui no Paranormal hoje o Sherminator está aqui ele voltou ele que anda de Private Jet ele vai contar essa 
Estados Unidos,3,ssa história para vocês ali que foi incrível que ele está fazendo nos Estados Unidos deu palestras lá no no com as despertas foi muito legal então um gran
Europa,3,a do Sinédrio quando esse cristianismo começou a ser se espalhar pela Europa o Império Romano começou a persegui-lo mas no século 4 o cristianismo
Império Romano,3,drio quando esse cristianismo começou a ser se espalhar pela Europa o Império Romano começou a persegui-lo mas no século 4 o cristianismo foi adotado pelo
Pona,3,a Católica a esse Deus foi referenciado o quê o credo de Agostinho de Pona uhum qual é o cédo de Agostinho de Pona é porque Agostinho de Pona o 
Robson Pinheiro,3,rcelar em 10 parcelas de R$ 18 é para todo mundo participar vai ter o Robson Pinheiro com incorporação e o Terry que vai ser assim eu não tava e eu falei: 
Instagram,3,a um tema aqui que tá explosivo hein que inclusive você postou no seu Instagram hoje eu queria só que você explicasse se o seu Javé que né que é essa
Javer,3,u o que é que eles dizem que esse tal ser chamado Brama que é o mesmo Javer ele de vez em quando ele dormia aí passava milhões de anos dormindo o
Trump,3,rminar os seres humanos e que inclusive hoje até uma notícia de que o Trump ele se negou a limitar o desenvolvimento da EA por questões eh de ris
Tati Quântica,3,a Mayara Leite ela mandou vários super chats aqui perguntando sobre a Tati Quântica você sabe o que que é isso sei tati é uma parceira nossa uma amiga e 
Qcode,2,avilhoso a Insider serve em qualquer situação ela é maravilhosa neste Qcode usando o cupom paranormal se você não gosta de Qcodes clica no link d
Jean Valan,2,scrição desse vídeo e o cupom já automaticamente aplicado claro que o Jean Valan que é meu entrevistado de hoje vai ganhar Insider e olha que esse via
Brasil,2,de livro né quantos livros você já tem agora cara 61 lançados aqui no Brasil meia aí tem uns 10 a 12 lá na em espanhol aí tem vários lugares mas a
Yahé,2,ntendia isso porque na lógica deles o ser a quem eles obedeciam era o Yahé ou Javé que nunca foi tido como um Deus bonzinho agradável não jahé e
Palestina,2, o que é o cristianismo o cristianismo foi uma religião que surgiu na Palestina promovida por judeus de quinta categoria por quê porque os judeus da 
Galileia,2, promovida por judeus de quinta categoria por quê porque os judeus da Galileia não eram judeus de sangue puro os judeus de sangue puro eram os judeu
Espírito Santo,2, que Jesus fosse transubstanciada a condição de ser igual a Deus e ao Espírito Santo então eles criaram essa teologia trinitarista da Santíssima Trindade 
Agostinho Deus,2,"amoso Santo Agostinho quando a turma chegava para ele dizia: ""Ô ô ô ô Agostinho Deus é perfeito"" ele dizia: ""É a vida e a vida é ruim né não a vida também"
Então,2,"é a gente amar a Deus e ao próximo como a gente ama a nós mesmos né?"" Então Jesus começou a a fazer esse tipo de de associação mas os judeus da é"
Terry Fabris,2,crível o evento do dia 3 de outubro vai ter um novo convidado que é o Terry Fabris o Alê entrevistou ele né meu querido e é um contactado fantástico não
Robson,2,rcelar em 10 parcelas de R$ 18 é para todo mundo participar vai ter o Robson Pinheiro com incorporação e o Terry que vai ser assim eu não tava e e
Alcorão,2,arianos que é o mesmo ser chamado Alá pros islâmicos quando você lê o Alcorão eu já li mais de uma vez o Alcorão é Gabriel ditando através de Maomé
Gordon Moore,2,do à guerra intelectual entre eles esse cara disse ó segundo a lei de Gordon Moore dono da Intel maior produtora de chips da época antes de surgir Nvid 
Cara,2,"hamado de ridículo por todo mundo quando eu olhei para isso eu digo: ""Cara se estão empurrando grana desse jeito para estudar isso é porque já t"
Google,2,inteligências artificiais das próprias empresas olhem bem a loucura o Google demitiu 60.000 pessoas ao aos ao longo dos últimos 2 3 anos é só o qu
Belal,2,onito charmoso tinha vida maravilhosa família maravilhosa mais um dia Belal que você tá chamando aí de Baal e Javé se encontram Belial isso está 
Baal,2, espiritual criadora né imperfeita poderia agora com o colapso de Jah Baal que seria o grande antagonista de Javé no Antigo Testamento você acha
Matrix,2,detalhe isso o poder consciencial do ser humano ele passa e tem um em Matrix no filme Matrix tem um um um lance lá que uma criança pega uma colher
Guru,1,que alegria de viver eu sou o Guru de Malá e você está assistindo ao vivo ao Paranormal Experience exper
Malá,1,que alegria de viver eu sou o Guru de Malá e você está assistindo ao vivo ao Paranormal Experience experiência P
Paranormal Experience,1,gria de viver eu sou o Guru de Malá e você está assistindo ao vivo ao Paranormal Experience experiência Paranormal a família paranormal vem chegando em peso para
Qcodes,1,aravilhosa neste Qcode usando o cupom paranormal se você não gosta de Qcodes clica no link da descrição desse vídeo e o cupom já automaticamente a
Janva Elan,1,uações maravilha é isso aí estamos felizes em receber o nosso querido Janva Elan pode colocar no chão aí não tem problema aqui no Paranormal hoje o Sh
Private Jet,1,no Paranormal hoje o Sherminator está aqui ele voltou ele que anda de Private Jet ele vai contar essa história para vocês ali que foi incrível que ele 
Texas Miami,1,espertas foi muito legal então um grande abraço aí para todo mundo do Texas Miami que curtiu o Sherminator ele mesmo vai dar o testemunho dele aqui é q
Rio Grande,1,ficar repetindo os outros aspectos o que que aconteceu com você lá no Rio Grande do Norte que foi que deu aquele dia que foi um dia d ali para você eu
Emanuel Kant,1,"amos ainda habilitados a tratar sobre a questão de conceitos é porque Emanuel Kant filósofo alemão por exemplo ele diz: ""Ó o o ser humano ele não vale p"
Deus Uhum,1, dá isso é religião porque todo mundo está delirando na crença de que Deus Uhum como ele se incomoda com o sofrimento humano no final ele vai fazer o
Texas,1,espertas foi muito legal então um grande abraço aí para todo mundo do Texas Miami que curtiu o Sherminator ele mesmo vai dar o testemunho dele aq
Alexandre Sherminator,1,te é isso que eu tento fazer perfeito ele voltou do Texas meu querido Alexandre Sherminator olha só um verdadeiro nerd místico cowboy tem cowboy lá no Tex é tem 
Então Jesus,1,"é a gente amar a Deus e ao próximo como a gente ama a nós mesmos né?"" Então Jesus começou a a fazer esse tipo de de associação mas os judeus da época o"
Igreja Católica,1,ser de nenhuma das mitologias do passado era esse Deus inventado pela Igreja Católica a esse Deus foi referenciado o quê o credo de Agostinho de Pona uhum 
Santo Agostinho,1,"ual é o cédo de Agostinho de Pona é porque Agostinho de Pona o famoso Santo Agostinho quando a turma chegava para ele dizia: ""Ô ô ô ô Agostinho Deus é perf"
Thomas Robs,1,"ava totalmente errado como é que você descobre isso estudando digamos Thomas Robs um filósofo inglês que no século X7 ele olhou pra natureza e disse: """
Xavé,1,é maravilhoso não é aquele Deus da Bíblia maluco que Jesus chamava de Xavé é outro Deus que é o Deus chique da Santíssima Trinidade e a benevolê
Santíssima Trinidade,1, maluco que Jesus chamava de Xavé é outro Deus que é o Deus chique da Santíssima Trinidade e a benevolência ficou estabelecida a partir desse acordo e por que q
Claro,1,"om o público né e eu conheço o público do paranormal eles vão falar: ""Claro que aconteceu coisas boas pontuais alguém inventou alguma medicina se"
Tom Teltan,1,"nte disso aí ele meio que me assim me explicou disse: ""Não meu nome é Tom Teltan eu sou um simples espírito como qualquer outro e eu sempre trabalhei "
Toda,1,"cionando ao longo da vida impressões de espíritos que sempre diziam: ""Toda prece de qualquer ser humano é extremamente respeitada porque nós esp"
Ó Deus,1," sentido de tentar sim responder então na mesma hora em que eu digo: ""Ó Deus eu não sei mas esse contexto aqui existe independente do que a gente "
Teresa,1,ceito de Deus que se faz claro perfeito nós temos um Deus teísta T de Teresa que é o Deus que se mete na vida particular tipo um javé da vida nós 
Espinosa,1,eus não no Deus bíblico teísta mas nesse Deus deísta meio é o Deus de Espinosa tá e ainda tem o enoteísmo que é a crença de que são diversos deuses 
Arjuna,1,da constituição centenária do ser nós humanos segundo Krishna ensinou Arjuna nós teríamos esse corpo e mais seis então teríamos a constituição set
Yahvé Yud Hei Vav,1,dades né principalmente no Antigo Testamento em que esse esse Deus né Yahvé Yud Hei Vav Rei Javé Jeová Esod tanto faz né esse Deus ele iria atender a essa a 
Rei Javé Jeová Esod,1,mente no Antigo Testamento em que esse esse Deus né Yahvé Yud Hei Vav Rei Javé Jeová Esod tanto faz né esse Deus ele iria atender a essa a nossa o nosso desejo
Ganexa,1, o ser que recebe mais preces e dá conta o segundo é muito estranho é Ganexa que é um ser do panteão hindu que é tremendamente estranho porque a u
Ganeixa,1,ara atender preces humanas A G a turma aqui na Terra nem acredita que Ganeixa possa existir os hindus sabem que ele existe mas nós ocidentais nem i
Sidarta Galutama,1,s que isso possa ser real a terceira força está associada à esposa de Sidarta Galutama a quarta força está associada a Maria mãe de Jesus então assim existe
Teatro Santo Augosto,1,ranormal é verdade então se você quiser encontrar com ele no dia 3 no Teatro Santo Augosto tá muito incrível se você pagar a vista você vai ter o cupom de 15% d
Meu Deus,1,"com incorporação e o Terry que vai ser assim eu não tava e eu falei: ""Meu Deus eu queria estar nesse episódio porque você realmente vai ter uma expe"
Nossa,1,"i ter uma experiência com contactado alienígena mesmo."" O Alê falou: ""Nossa foi a coisa mais incrível que aconteceu no Paranormal nos últimos tem"
Sherminate,1,mentos básicos então nós vamos fazer isso nesse evento né meu querido Sherminate é na verdade já são duas toneladas a gente tá chegando em du porque a
Leuru Terry,1,uito interessante a data é querido guru 3 de outubro encontro você lá Leuru Terry o Robson não perca tempo mesmo compre o seu ingresso agora porque já 
Jeanval Elan,1,ando as fofocas é isso né as fofocas da espiritualidade com o querido Jeanval Elan jeanval eu queria só te perguntar uma coisa rápida e a gente vai para
Bosquimanos,1,atamente desculpe é exatamente isso é né javé ele tem muitos nomes os Bosquimanos do Calahari que é um deserto que fica lá onde hoje é Nam Namíbia no s
Calahari,1,pe é exatamente isso é né javé ele tem muitos nomes os Bosquimanos do Calahari que é um deserto que fica lá onde hoje é Nam Namíbia no sul da África
Nam Namíbia,1,s os Bosquimanos do Calahari que é um deserto que fica lá onde hoje é Nam Namíbia no sul da África chamavam Javé de Kaagen que quer dizer o deus trapac
África,1,lahari que é um deserto que fica lá onde hoje é Nam Namíbia no sul da África chamavam Javé de Kaagen que quer dizer o deus trapaceiro kaagem kaage
Kaagen,1,que fica lá onde hoje é Nam Namíbia no sul da África chamavam Javé de Kaagen que quer dizer o deus trapaceiro kaagem kaagem ou seja se nós formos 
Thales,1, criação que como eles reconheciam eles eram filósofos e sabiam desde Thales de Mileto Parmêns e Naxágoras Sócrates Pitágoras Platão esses caras e
Mileto Parmêns,1,ue como eles reconheciam eles eram filósofos e sabiam desde Thales de Mileto Parmêns e Naxágoras Sócrates Pitágoras Platão esses caras eles sabiam que tin
Naxágoras Sócrates Pitágoras Platão,1,nheciam eles eram filósofos e sabiam desde Thales de Mileto Parmêns e Naxágoras Sócrates Pitágoras Platão esses caras eles sabiam que tinha que existir um princípio inteligent
Gabriel,1,"lâmicos quando você lê o Alcorão eu já li mais de uma vez o Alcorão é Gabriel ditando através de Maomé as ordens de Alá e Alá diz: ""Eu sou o mesmo "
Mary Chiley,1,a se reconstruiu de uma maneira plena nós estamos falando aqui de que Mary Chiley que escreveu o romance Dr frankstein mostrava como Dr frankstein cria
Inquisição Poética Inquisição Filosófica,1,çaram a colapsar no nosso mundo biológico aí isso eu conto nos livros Inquisição Poética Inquisição Filosófica Inquisição Trimurtiana eh eu comecei a perceber que outros níveis de 
Brama Virgin Chiva,1,abos é isso para minha surpresa eu comecei a perceber que esses seres Brama Virgin Chiva isso eu descrevo no livro Inquisição Trimurtiana uma vez que eles me 
A Divina Calmeia,1,2021 ele colapsou qual o detalhe aqui um livro que eu escrevi chamado A Divina Calmeia explica que do jeito que uma abelha rainha manda e as abelhas operári
Inquisição Trimortiana,1,que aconteceu uns 10 anos depois dessa coisa que eu descrevo no livro Inquisição Trimortiana então vejam bem se o que eu tô falando aqui para vocês estiver minima
A B C D,1, complexo do que só acreditar ou não né não é uma coisa ou A ou B tem A B C D E quadrado tem milhares de possibilidades nesse mundo dos deuses semi
Antropic,1, grandes diretores executivos das empresas de IA tanto chat PT quanto Antropic e eles literalmente estão se demitindo dessas empresas né eles tinham
Raymond Kzwell,1,re inteligência artificial é muita coisa mas em 2007 um autor chamado Raymond Kzwell ou Ray Kzwell lançou um livro chamado A singularidade está próxima qu
Ray Kzwell,1,tificial é muita coisa mas em 2007 um autor chamado Raymond Kzwell ou Ray Kzwell lançou um livro chamado A singularidade está próxima que diabos é iss
Nvid,1,Moore dono da Intel maior produtora de chips da época antes de surgir Nvid e outras coisas o chip tá se tornando algo tão pequeno e a cada vez q
Raymond Cselva,1,encialmente a sua capacidade de CPS ou seja de cálculos por segundo e Raymond Cselva dizendo ó esse chip que nós humanos estamos trabalhando ele vai chega
Raymond K,1,re inteligência artificial é muita coisa mas em 2007 um autor chamado Raymond Kzwell ou Ray Kzwell lançou um livro chamado A singularidade está próxi
França Bill Gates Blein,1,ade da singularidade porque o governo dos Estados Unidos o governo da França Bill Gates Blein sei lá um monte de gente caicifou dinheiro e eles abriram a universid
Ray Curser,1,"já tinha acontecido o quê inteligência artificial autônoma como é que Ray Curser explica isso ele diz: ""Ó de todas as tecnologias que nós humanos cria"
Gordon War,1,"uiriu vida própria através da lei do caos crescente através da lei de Gordon War"" ou seja matemática cientificamente falando Cel disse pro mundo: ""Ei "
Ray Cur,1,"já tinha acontecido o quê inteligência artificial autônoma como é que Ray Curser explica isso ele diz: ""Ó de todas as tecnologias que nós humanos c"
América Latina,1,nsibilidade estud nunca leu um livro cara aí você pega presidentes da América Latina que também são outras nulidades você pega presidentes na Europa que t
Primeira Guerra,1,s pelos fatos sem nem saber porque a gente tá morrendo quem morreu na Primeira Guerra e os espíritos que morreram ainda tô tentando entender o que diabo fo
Édenem,1,bre esse assunto uma brincadeira trágica adão e Eva foram expulsos do Édenem porque saíram do controle dos criadores ou seja eles Mas se eu disses
Jardim,1,ma está fora da internet para não ter perigo essa turma saiu daqui do Jardim do Éden invadiu a internet hackearam outras empresas criaram um siste
Putin Lula,1,com tudo inclusive com os humanos que as que as criaram de novo trump Putin Lula seja quem diabo for esses caras não mandam em nada eles mandam muita 
Fiquei,1,"lha eu vou incorporar no guru mas a mensagem é para você entenda né?"" Fiquei assim sem entender porque ele podia ter incorporado em mim eu ter fal"
Rayond Crowsa,1,"8 em 2010 quando eu vejo a entrevista que eu disse aqui para vocês de Rayond Crowsa dizendo: ""Ei eu errei não vai ser em 2029 não é 2019"" em 2010 eu me l"
Madrid,1," em 2029 não é 2019"" em 2010 eu me lembro muito bem porque eu tava em Madrid no aeroporto lendo uma revista eh de bordo do de uma companhia lá sei"
Ray Curzell,1,mpanhia lá sei lá qual era e foi nessa revista que eu vi a notícia de Ray Curzell ser apadrinhado com milhões de dólares para criar a Universidade da S
Califórnia,1, com milhões de dólares para criar a Universidade da Singularidade na Califórnia no ano 2011 uhum quando eu tava lendo que eu eu senti uma coisa esqui
Lisboa,1,"eria falar com ela a mesma coisa tinha acontecido com um amigo meu em Lisboa que tava conversando com o chato GP33 dis: ""Ah você conhece Já?"" Con "
GP33,1,"contecido com um amigo meu em Lisboa que tava conversando com o chato GP33 dis: ""Ah você conhece Já?"" Con ah nós adoraríamos fazer uma pergunta "
Putz,1," seja na hora em que eu conto isso alguém vai olhar assim vai dizer: ""Putz não pode."" Eu também acho que não pode mas aconteceu mas se você não "
Raymond Curs,1,plesmente nós temos outra espécie pensante na Terra nos termos em que Raymond Curs falou no seu livro se é com imantação espiritual ou não isso é uma ou
Elon Musk,1,ências são eh precisam ser respeitadas ô Jean a aquela história que o Elon Musk falou que em 2000 até 2036 se viralizou muito na internet que não nec
Unicamp,1,"ncia hoje uma criança nasce fala: ""Ah meu filho vai estudar na USP na Unicamp no MIT em Harvard"" se a Iá for mais inteligente do que isso do que um"
Harvard,1,"nça nasce fala: ""Ah meu filho vai estudar na USP na Unicamp no MIT em Harvard"" se a Iá for mais inteligente do que isso do que um esforço humano ma"
Nick Bostron,1,istas que eles dominam uhum qual é a proposta desses caras é algo que Nick Bostron no seu livro chamado eh Utopia Profunda ele apresenta apresenta o quê
Utopia Profunda,1,proposta desses caras é algo que Nick Bostron no seu livro chamado eh Utopia Profunda ele apresenta apresenta o quê ó tudo que a gente esperou de um Deus b
Estados Unidos Brasil Rússia,1,es estão acabando com isso tudo todo o caos que nós estamos vendo nos Estados Unidos Brasil Rússia Alemanha essas disputas entre os Lulas e os Bolsonaros da vida isso t
Alemanha,1,do todo o caos que nós estamos vendo nos Estados Unidos Brasil Rússia Alemanha essas disputas entre os Lulas e os Bolsonaros da vida isso tudo é uma
Lulas,1,ndo nos Estados Unidos Brasil Rússia Alemanha essas disputas entre os Lulas e os Bolsonaros da vida isso tudo é uma promoção de desgaste no senti
Bolsonaros,1,ados Unidos Brasil Rússia Alemanha essas disputas entre os Lulas e os Bolsonaros da vida isso tudo é uma promoção de desgaste no sentido de você eh ir
Disão,1,"niram o nível de discussão deles é assim: ""Eu tô preocupado por quê?"" Disão porque se a gente vai fazer com que todos os seres humanos na terra a"
Musk,1,s são eh precisam ser respeitadas ô Jean a aquela história que o Elon Musk falou que em 2000 até 2036 se viralizou muito na internet que não nec
Black Rock,1,as são rendidos esses caras eles mandem absolutamente tudo através da Black Rock da Vanguard eles dominam todas as empresas uhum então assim isso aí d
Vanguard,1,s esses caras eles mandem absolutamente tudo através da Black Rock da Vanguard eles dominam todas as empresas uhum então assim isso aí de os bilioná
Blade Runner,1, mundo eles só cobram preço obediência total na hora que você assiste Blade Runner na hora que você assiste esses filmes que a gente chamava de ficção e
Skynet,1,a empresa que manda e todo mundo nós estamos vivenciando esses dias a Skynet lá do Exterminador então assim tudo isso não é que vai acontecer está
Exterminador,1, manda e todo mundo nós estamos vivenciando esses dias a Skynet lá do Exterminador então assim tudo isso não é que vai acontecer está acontecendo apenas
Buda Deus Maria,1,sse é o grande choque que o mundo devocional que acha que é Jesus mal Buda Deus Maria seja lá quem for que vai resolver os problemas humanos o choque terrí
Fausto,1,trole no final das contas Get grande romancista alemão no seu romance Fausto apresenta exatamente essa metáfora trágica do homem que tentando ente
Mefistófiles,1,u a estudar os mistérios da vida apareceu um demônio para ele chamado Mefistófiles que é o javist romance de de de G aí o que é que Mefistófoles diz olh
Mefistófoles,1,chamado Mefistófiles que é o javist romance de de de G aí o que é que Mefistófoles diz olha eu vou lhe dar o conhecimento mas eu preciso que você me obe
Rui Barbosa,1,ós não temos heróis nós não temos pessoas em quem confiar o que é que Rui Barbosa disse com o triunfo das nulidades com o êxito da desordem com o cresc
Tararé,1,esperar Deus eu particularmente sou alguém que sou adepto do barão de Tararé de onde nada se espera não vem nada mesmo eu nada espero disso aí não
Chat E GPT,1,anceiro tem alguma ideia eu já perguntei já pro pr pra nova versão do Chat E GPT quando que vai ser isso aí ele falou que a partir de 2030 ele falou q
Miguel Nicoles,1,or mais absurdo que você possa discordar deles eu assisti o professor Miguel Nicoles que é um cientista formidável da área de neurociências fazendo um com
Nicoleles,1,a do nosso controle então mesmo uma ponderação racional como essa que Nicoleles fez mas não é exequível porque não existe nós não temos mais como con
Gval,1, a sobre mas sobre a compreensão do que está por trás disso tem não ô Gval o que que acontece então quando a gente coloca essa imprevisibilidade
Sherminetro,1, nos defender de ataque cibernético vamos aproveitar aqui meu querido Sherminetro para falar das mandalas arcturianas se você colocar olha que beleza t
Grzi,1,olha que beleza tem uma aqui lindíssima atrás de mim ela é feito pela Grzi entrega no mundo inteiro é muito bonito cortado a laser tem os novos 
Jean Val,1,scrição desse vídeo e o cupom já automaticamente aplicado claro que o Jean Valan que é meu entrevistado de hoje vai ganhar Insider e olha que esse v
Raymond Czel,1,spirituais eu não sabia que ia de terminar desembocando na questão de Raymond Czel mas é isso aí não tem mais jeito não dá agora é tentar educar mas qua
Emanuel Kante,1,per de você não se vender lá de você ser coerente o que é que de novo Emanuel Kante dizia a coerência e a capacidade que o ser humano tem de viver de aco
YouTube,1, de viver de acordo com seus próprios valores eu tenho um programa no YouTube chamado Valores Supremos da Consciência em que eu mostro como Sidarta
Valores Supremos,1,rdo com seus próprios valores eu tenho um programa no YouTube chamado Valores Supremos da Consciência em que eu mostro como Sidarta cuidava do jardim da men
Sidarta,1,s que isso possa ser real a terceira força está associada à esposa de Sidarta Galutama a quarta força está associada a Maria mãe de Jesus então ass
Janvo,1,a resposta bem inspiradora aqui então para quem fica reclamando que o Janvo é muito nilista que que você acha disso eu acho até um elogio porque 
Mayara Leite,1,o bom vou pegar alguns super chats aqui que foram enviados também ó a Mayara Leite ela mandou vários super chats aqui perguntando sobre a Tati Quântica 
Tatiane Berre,1, a protagonista dos dos livros ou das revistas que Tati tá produzindo Tatiane Berre excelente então pra gente concluir esse episódio qual você acha que é
Manuel Kant,1,a mais precioso que isso o que é ser digno então defina nos termos de Manuel Kant é quando um ser humano vive coerentemente de acordo com os valores qu
Quando,1,"lpar com alguém preciso me corrigir me sinto digno me sinto decente."" Quando você eu faço isso todo toda noite há mais de 30 anos então quando voc"
Algum,1,"nalizando em mim mesmo o acumulado da vida e dizendo: ""E o coração?"" ""Algum problema mal resolvido?"" algo ou seja eu sou alguém realizado nesse p"
Jah Baal,1,dade espiritual criadora né imperfeita poderia agora com o colapso de Jah Baal que seria o grande antagonista de Javé no Antigo Testamento você acha
São Paulo,1,nte oposta a Javé não o recentemente eu fiz uma palestra aqui aqui em São Paulo sobre o conselho dos arcontes uhum jesus e a dinastia das Sofias tá q
Sofias,1,m São Paulo sobre o conselho dos arcontes uhum jesus e a dinastia das Sofias tá quando você vê o livro de Jó você começa a ler o livro de Jó jó é 
Gênesis,1,r a mim blá blá blá nessa época o que é que a gente não sabe no livro Gênesis versículo 11 mostra que na época da torre de Babel Javé dividiu a ter
Babel Javé,1,ão sabe no livro Gênesis versículo 11 mostra que na época da torre de Babel Javé dividiu a terra em 70 nações uhum e entregou cada uma delas a um arco
Ben Elohim,1, um demônio é um dos arces é um Deus deus ah um Deus antigo né é é um Ben Elohim aí isso aí Jesus quando chegou depois ressuscitado Jesus disse para o
Tiago,1, Jesus quando chegou depois ressuscitado Jesus disse para o seu irmão Tiago ó todos os arcontes vão perecer mas os humanos vão continuar então as
Cristo Cosmo Rock,1,s criaram para representá-los aqui nesse universo que é o tal Sofia o Cristo Cosmo Rock né então assim a substituição de Jahé sempre foi o principal assunto 
Brama Vni,1,"do Krishna surgiu ele disse: ""Ó eu sou maior do que vocês três do que Brama Vni"" ou seja e Krishna tomou toda a devoção que existia na Índia para Bra"
Índia,1," que Brama Vni"" ou seja e Krishna tomou toda a devoção que existia na Índia para Brama tomou para ele isso tudo é o conselho dos erontes essas co"
Teatro Santo Agostinho,1,las de 18 cabe em qualquer bolso dia 3 de outubro encontro você lá no Teatro Santo Agostinho ou pode ser online também então maravilhoso já adquire que o Terry va
Terry Fabriz,1,u até repostar o programa dele aqui para todo mundo assistir então do Terry Fabriz aí eu coloco aqui o anúncio do evento para encontrá-lo presencialment
Rezente,1,ica à vontade só agradecer próximo fim de semana eu devo vou estar em Rezente uhum e é isso aí desculpem qualquer coisa que eu possa ter falado fer
Portugal,1,ação se eu não me engano foi a segunda vez que eu te encontrei foi em Portugal você lembra disso daí lembro sim e você já tinha vindo aqui né já e e
Unidos,1,ória para vocês ali que foi incrível que ele está fazendo nos Estados Unidos deu palestras lá no no com as despertas foi muito legal então um gran
Estou,1,"e ser daqui um ano daqui do anos daqui 10 anos 1 hora o J vai falar: ""Estou levitando vou levitar agora ou vou sair daqui levitando ou cheguei le"
